"Age Category","Income Category","Race Category","Sex Category","Year","ID","Name","Demographic Group: Number","Demographic Group: MOE","Uninsured: Number","Uninsured: MOE","Uninsured: %","Uninsured: %MOE","Insured: Number","Insured: MOE","Insured: %","Insured: %MOE"
"Under 65 years","All Incomes","All Races","Both Sexes","2013","06000","California","32,867,431","0","6,368,296","55,023","19.4","0.2","26,499,135","55,023","80.6","0.2"
"Under 65 years","All Incomes","All Races","Both Sexes","2012","06000","California","32,873,177","0","6,580,078","65,665","20.0","0.2","26,293,099","65,665","80.0","0.2"
"Under 65 years","All Incomes","All Races","Both Sexes","2011","06000","California","32,714,713","0","6,603,169","71,813","20.2","0.2","26,111,543","71,813","79.8","0.2"
"Under 65 years","All Incomes","All Races","Both Sexes","2010","06000","California","32,504,288","0","6,720,279","68,844","20.7","0.2","25,784,009","68,844","79.3","0.2"
"Under 65 years","All Incomes","All Races","Both Sexes","2009","06000","California","32,316,118","0","6,491,176","51,454","20.1","0.2","25,824,942","51,454","79.9","0.2"
"Under 65 years","All Incomes","All Races","Both Sexes","2008","06000","California","32,125,506","0","6,166,623","52,391","19.2","0.2","25,958,883","52,391","80.8","0.2"
"Under 65 years","All Incomes","All Races","Both Sexes","2007","06000","California","32,068,429","0","6,465,408","218,442","20.2","0.7","25,603,021","245,687","79.8","0.8"
"Under 65 years","All Incomes","All Races","Both Sexes","2006","06000","California","32,004,569","0","6,829,725","190,570","21.3","0.6","25,174,844","289,669","78.7","0.9"
"Under 65 years","All Incomes","All Races","Both Sexes","2013","06001","Alameda County, CA","1,356,907","0","195,952","8,316","14.4","0.6","1,160,955","8,316","85.6","0.6"
"Under 65 years","All Incomes","All Races","Both Sexes","2012","06001","Alameda County, CA","1,350,205","0","199,060","8,431","14.7","0.6","1,151,145","8,431","85.3","0.6"
"Under 65 years","All Incomes","All Races","Both Sexes","2011","06001","Alameda County, CA","1,330,411","0","197,333","9,030","14.8","0.7","1,133,078","9,030","85.2","0.7"
"Under 65 years","All Incomes","All Races","Both Sexes","2010","06001","Alameda County, CA","1,322,865","0","199,327","8,710","15.1","0.7","1,123,539","8,710","84.9","0.7"
"Under 65 years","All Incomes","All Races","Both Sexes","2009","06001","Alameda County, CA","1,327,221","0","194,799","8,374","14.7","0.6","1,132,422","8,374","85.3","0.6"
"Under 65 years","All Incomes","All Races","Both Sexes","2008","06001","Alameda County, CA","1,310,473","0","173,312","8,004","13.2","0.6","1,137,161","8,004","86.8","0.6"
"Under 65 years","All Incomes","All Races","Both Sexes","2007","06001","Alameda County, CA","1,302,459","0","187,591","16,451","14.4","1.3","1,114,868","18,787","85.6","1.4"
"Under 65 years","All Incomes","All Races","Both Sexes","2006","06001","Alameda County, CA","1,287,699","0","208,082","17,300","16.2","1.3","1,079,616","18,940","83.8","1.5"
"Under 65 years","All Incomes","All Races","Both Sexes","2013","06003","Alpine County, CA","936","0","166","17","17.7","1.8","770","17","82.3","1.8"
"Under 65 years","All Incomes","All Races","Both Sexes","2012","06003","Alpine County, CA","939","0","174","17","18.6","1.8","764","17","81.4","1.8"
"Under 65 years","All Incomes","All Races","Both Sexes","2011","06003","Alpine County, CA","935","0","164","18","17.6","1.9","770","18","82.4","1.9"
"Under 65 years","All Incomes","All Races","Both Sexes","2010","06003","Alpine County, CA","1,029","0","161","18","15.7","1.7","867","18","84.3","1.7"
"Under 65 years","All Incomes","All Races","Both Sexes","2009","06003","Alpine County, CA","908","0","147","15","16.2","1.7","761","15","83.8","1.7"
"Under 65 years","All Incomes","All Races","Both Sexes","2008","06003","Alpine County, CA","939","0","187","20","20.0","2.1","751","20","80.0","2.1"
"Under 65 years","All Incomes","All Races","Both Sexes","2007","06003","Alpine County, CA","927","0","237","32","25.6","3.5","690","34","74.4","3.7"
"Under 65 years","All Incomes","All Races","Both Sexes","2006","06003","Alpine County, CA","1,018","0","254","38","25.0","3.7","764","38","75.0","3.8"
"Under 65 years","All Incomes","All Races","Both Sexes","2013","06005","Amador County, CA","24,687","0","3,946","344","16.0","1.4","20,741","344","84.0","1.4"
"Under 65 years","All Incomes","All Races","Both Sexes","2012","06005","Amador County, CA","24,939","0","3,804","335","15.3","1.3","21,135","335","84.7","1.3"
"Under 65 years","All Incomes","All Races","Both Sexes","2011","06005","Amador County, CA","25,488","0","3,837","338","15.1","1.3","21,651","338","84.9","1.3"
"Under 65 years","All Incomes","All Races","Both Sexes","2010","06005","Amador County, CA","25,895","0","4,097","366","15.8","1.4","21,798","366","84.2","1.4"
"Under 65 years","All Incomes","All Races","Both Sexes","2009","06005","Amador County, CA","26,203","0","3,911","335","14.9","1.3","22,292","335","85.1","1.3"
"Under 65 years","All Incomes","All Races","Both Sexes","2008","06005","Amador County, CA","26,757","0","4,370","414","16.3","1.5","22,387","414","83.7","1.5"
"Under 65 years","All Incomes","All Races","Both Sexes","2007","06005","Amador County, CA","26,900","0","4,306","655","16.0","2.4","22,594","698","84.0","2.6"
"Under 65 years","All Incomes","All Races","Both Sexes","2006","06005","Amador County, CA","27,000","0","4,266","720","15.8","2.7","22,734","727","84.2","2.7"
"Under 65 years","All Incomes","All Races","Both Sexes","2013","06007","Butte County, CA","182,217","0","31,306","2,291","17.2","1.3","150,911","2,291","82.8","1.3"
"Under 65 years","All Incomes","All Races","Both Sexes","2012","06007","Butte County, CA","183,123","0","35,365","2,420","19.3","1.3","147,758","2,420","80.7","1.3"
"Under 65 years","All Incomes","All Races","Both Sexes","2011","06007","Butte County, CA","183,806","0","36,467","2,636","19.8","1.4","147,339","2,636","80.2","1.4"
"Under 65 years","All Incomes","All Races","Both Sexes","2010","06007","Butte County, CA","183,655","0","34,814","2,534","19.0","1.4","148,841","2,534","81.0","1.4"
"Under 65 years","All Incomes","All Races","Both Sexes","2009","06007","Butte County, CA","183,376","0","32,837","2,303","17.9","1.3","150,539","2,303","82.1","1.3"
"Under 65 years","All Incomes","All Races","Both Sexes","2008","06007","Butte County, CA","183,179","0","33,607","2,529","18.3","1.4","149,572","2,529","81.7","1.4"
"Under 65 years","All Incomes","All Races","Both Sexes","2007","06007","Butte County, CA","183,433","0","32,798","4,445","17.9","2.4","150,635","4,822","82.1","2.6"
"Under 65 years","All Incomes","All Races","Both Sexes","2006","06007","Butte County, CA","183,470","0","33,779","4,657","18.4","2.5","149,691","4,801","81.6","2.6"
"Under 65 years","All Incomes","All Races","Both Sexes","2013","06009","Calaveras County, CA","33,402","0","5,418","467","16.2","1.4","27,984","467","83.8","1.4"
"Under 65 years","All Incomes","All Races","Both Sexes","2012","06009","Calaveras County, CA","33,989","0","5,601","467","16.5","1.4","28,388","467","83.5","1.4"
"Under 65 years","All Incomes","All Races","Both Sexes","2011","06009","Calaveras County, CA","34,827","0","5,388","481","15.5","1.4","29,439","481","84.5","1.4"
"Under 65 years","All Incomes","All Races","Both Sexes","2010","06009","Calaveras County, CA","35,544","0","5,868","517","16.5","1.5","29,676","517","83.5","1.5"
"Under 65 years","All Incomes","All Races","Both Sexes","2009","06009","Calaveras County, CA","37,443","0","5,944","494","15.9","1.3","31,500","494","84.1","1.3"
"Under 65 years","All Incomes","All Races","Both Sexes","2008","06009","Calaveras County, CA","37,982","0","6,282","582","16.5","1.5","31,701","582","83.5","1.5"
"Under 65 years","All Incomes","All Races","Both Sexes","2007","06009","Calaveras County, CA","38,157","0","6,743","1,010","17.7","2.6","31,414","1,067","82.3","2.8"
"Under 65 years","All Incomes","All Races","Both Sexes","2006","06009","Calaveras County, CA","38,269","0","7,254","1,103","19.0","2.9","31,015","1,092","81.0","2.9"
"Under 65 years","All Incomes","All Races","Both Sexes","2013","06011","Colusa County, CA","18,447","0","4,493","346","24.4","1.9","13,954","346","75.6","1.9"
"Under 65 years","All Incomes","All Races","Both Sexes","2012","06011","Colusa County, CA","18,649","0","4,252","335","22.8","1.8","14,397","335","77.2","1.8"
"Under 65 years","All Incomes","All Races","Both Sexes","2011","06011","Colusa County, CA","18,874","0","4,593","357","24.3","1.9","14,281","357","75.7","1.9"
"Under 65 years","All Incomes","All Races","Both Sexes","2010","06011","Colusa County, CA","18,854","0","4,560","365","24.2","1.9","14,294","365","75.8","1.9"
"Under 65 years","All Incomes","All Races","Both Sexes","2009","06011","Colusa County, CA","18,446","0","4,429","360","24.0","2.0","14,018","360","76.0","2.0"
"Under 65 years","All Incomes","All Races","Both Sexes","2008","06011","Colusa County, CA","18,462","0","4,819","382","26.1","2.1","13,643","382","73.9","2.1"
"Under 65 years","All Incomes","All Races","Both Sexes","2007","06011","Colusa County, CA","18,477","0","4,841","555","26.2","3.0","13,636","574","73.8","3.1"
"Under 65 years","All Incomes","All Races","Both Sexes","2006","06011","Colusa County, CA","18,751","0","4,596","652","24.5","3.5","14,155","642","75.5","3.4"
"Under 65 years","All Incomes","All Races","Both Sexes","2013","06013","Contra Costa County, CA","930,649","0","130,595","6,454","14.0","0.7","800,054","6,454","86.0","0.7"
"Under 65 years","All Incomes","All Races","Both Sexes","2012","06013","Contra Costa County, CA","926,202","0","127,668","6,410","13.8","0.7","798,534","6,410","86.2","0.7"
"Under 65 years","All Incomes","All Races","Both Sexes","2011","06013","Contra Costa County, CA","918,089","0","126,153","6,963","13.7","0.8","791,936","6,963","86.3","0.8"
"Under 65 years","All Incomes","All Races","Both Sexes","2010","06013","Contra Costa County, CA","912,020","0","129,974","6,677","14.3","0.7","782,047","6,677","85.7","0.7"
"Under 65 years","All Incomes","All Races","Both Sexes","2009","06013","Contra Costa County, CA","912,524","0","124,193","6,347","13.6","0.7","788,331","6,347","86.4","0.7"
"Under 65 years","All Incomes","All Races","Both Sexes","2008","06013","Contra Costa County, CA","904,155","0","109,946","6,029","12.2","0.7","794,209","6,029","87.8","0.7"
"Under 65 years","All Incomes","All Races","Both Sexes","2007","06013","Contra Costa County, CA","905,520","0","139,158","12,862","15.4","1.4","766,362","14,267","84.6","1.6"
"Under 65 years","All Incomes","All Races","Both Sexes","2006","06013","Contra Costa County, CA","891,040","0","148,752","13,439","16.7","1.5","742,289","14,303","83.3","1.6"
"Under 65 years","All Incomes","All Races","Both Sexes","2013","06015","Del Norte County, CA","20,526","0","3,493","301","17.0","1.5","17,033","301","83.0","1.5"
"Under 65 years","All Incomes","All Races","Both Sexes","2012","06015","Del Norte County, CA","20,935","0","3,755","319","17.9","1.5","17,180","319","82.1","1.5"
"Under 65 years","All Incomes","All Races","Both Sexes","2011","06015","Del Norte County, CA","21,248","0","3,670","317","17.3","1.5","17,578","317","82.7","1.5"
"Under 65 years","All Incomes","All Races","Both Sexes","2010","06015","Del Norte County, CA","21,240","0","3,437","315","16.2","1.5","17,804","315","83.8","1.5"
"Under 65 years","All Incomes","All Races","Both Sexes","2009","06015","Del Norte County, CA","21,532","0","4,397","351","20.4","1.6","17,135","351","79.6","1.6"
"Under 65 years","All Incomes","All Races","Both Sexes","2008","06015","Del Norte County, CA","21,392","0","4,232","358","19.8","1.7","17,161","358","80.2","1.7"
"Under 65 years","All Incomes","All Races","Both Sexes","2007","06015","Del Norte County, CA","21,359","0","3,514","541","16.5","2.5","17,844","591","83.5","2.8"
"Under 65 years","All Incomes","All Races","Both Sexes","2006","06015","Del Norte County, CA","21,554","0","3,474","582","16.1","2.7","18,080","611","83.9","2.8"
"Under 65 years","All Incomes","All Races","Both Sexes","2013","06017","El Dorado County, CA","149,017","0","19,846","1,498","13.3","1.0","129,171","1,498","86.7","1.0"
"Under 65 years","All Incomes","All Races","Both Sexes","2012","06017","El Dorado County, CA","149,345","0","20,060","1,466","13.4","1.0","129,286","1,466","86.6","1.0"
"Under 65 years","All Incomes","All Races","Both Sexes","2011","06017","El Dorado County, CA","151,149","0","20,121","1,554","13.3","1.0","131,028","1,554","86.7","1.0"
"Under 65 years","All Incomes","All Races","Both Sexes","2010","06017","El Dorado County, CA","152,874","0","20,841","1,594","13.6","1.0","132,033","1,594","86.4","1.0"
"Under 65 years","All Incomes","All Races","Both Sexes","2009","06017","El Dorado County, CA","155,892","0","20,303","1,473","13.0","0.9","135,589","1,473","87.0","0.9"
"Under 65 years","All Incomes","All Races","Both Sexes","2008","06017","El Dorado County, CA","155,464","0","22,207","1,809","14.3","1.2","133,257","1,809","85.7","1.2"
"Under 65 years","All Incomes","All Races","Both Sexes","2007","06017","El Dorado County, CA","156,308","0","26,288","3,386","16.8","2.2","130,020","3,630","83.2","2.3"
"Under 65 years","All Incomes","All Races","Both Sexes","2006","06017","El Dorado County, CA","154,760","0","26,454","3,520","17.1","2.3","128,306","3,579","82.9","2.3"
"Under 65 years","All Incomes","All Races","Both Sexes","2013","06019","Fresno County, CA","837,525","0","169,665","7,513","20.3","0.9","667,860","7,513","79.7","0.9"
"Under 65 years","All Incomes","All Races","Both Sexes","2012","06019","Fresno County, CA","837,672","0","187,092","7,617","22.3","0.9","650,580","7,617","77.7","0.9"
"Under 65 years","All Incomes","All Races","Both Sexes","2011","06019","Fresno County, CA","835,695","0","187,161","8,205","22.4","1.0","648,534","8,205","77.6","1.0"
"Under 65 years","All Incomes","All Races","Both Sexes","2010","06019","Fresno County, CA","827,585","0","181,235","7,937","21.9","1.0","646,350","7,937","78.1","1.0"
"Under 65 years","All Incomes","All Races","Both Sexes","2009","06019","Fresno County, CA","809,020","0","175,998","7,475","21.8","0.9","633,022","7,475","78.2","0.9"
"Under 65 years","All Incomes","All Races","Both Sexes","2008","06019","Fresno County, CA","803,343","0","166,354","7,637","20.7","1.0","636,989","7,637","79.3","1.0"
"Under 65 years","All Incomes","All Races","Both Sexes","2007","06019","Fresno County, CA","803,735","0","148,729","13,333","18.5","1.7","655,006","14,864","81.5","1.8"
"Under 65 years","All Incomes","All Races","Both Sexes","2006","06019","Fresno County, CA","803,853","0","159,343","14,657","19.8","1.8","644,510","15,589","80.2","1.9"
"Under 65 years","All Incomes","All Races","Both Sexes","2013","06021","Glenn County, CA","23,600","0","5,330","429","22.6","1.8","18,270","429","77.4","1.8"
"Under 65 years","All Incomes","All Races","Both Sexes","2012","06021","Glenn County, CA","23,845","0","5,455","418","22.9","1.8","18,390","418","77.1","1.8"
"Under 65 years","All Incomes","All Races","Both Sexes","2011","06021","Glenn County, CA","24,199","0","5,718","435","23.6","1.8","18,480","435","76.4","1.8"
"Under 65 years","All Incomes","All Races","Both Sexes","2010","06021","Glenn County, CA","24,182","0","5,457","450","22.6","1.9","18,725","450","77.4","1.9"
"Under 65 years","All Incomes","All Races","Both Sexes","2009","06021","Glenn County, CA","24,345","0","5,869","446","24.1","1.8","18,476","446","75.9","1.8"
"Under 65 years","All Incomes","All Races","Both Sexes","2008","06021","Glenn County, CA","24,400","0","5,910","479","24.2","2.0","18,490","479","75.8","2.0"
"Under 65 years","All Incomes","All Races","Both Sexes","2007","06021","Glenn County, CA","24,399","0","5,602","689","23.0","2.8","18,797","725","77.0","3.0"
"Under 65 years","All Incomes","All Races","Both Sexes","2006","06021","Glenn County, CA","24,551","0","5,571","807","22.7","3.3","18,980","804","77.3","3.3"
"Under 65 years","All Incomes","All Races","Both Sexes","2013","06023","Humboldt County, CA","111,851","0","23,354","1,685","20.9","1.5","88,497","1,685","79.1","1.5"
"Under 65 years","All Incomes","All Races","Both Sexes","2012","06023","Humboldt County, CA","113,151","0","23,679","1,727","20.9","1.5","89,471","1,727","79.1","1.5"
"Under 65 years","All Incomes","All Races","Both Sexes","2011","06023","Humboldt County, CA","114,623","0","23,374","1,835","20.4","1.6","91,249","1,835","79.6","1.6"
"Under 65 years","All Incomes","All Races","Both Sexes","2010","06023","Humboldt County, CA","114,882","0","23,158","1,798","20.2","1.6","91,725","1,798","79.8","1.6"
"Under 65 years","All Incomes","All Races","Both Sexes","2009","06023","Humboldt County, CA","110,243","0","22,288","1,669","20.2","1.5","87,956","1,669","79.8","1.5"
"Under 65 years","All Incomes","All Races","Both Sexes","2008","06023","Humboldt County, CA","109,839","0","22,929","1,673","20.9","1.5","86,909","1,673","79.1","1.5"
"Under 65 years","All Incomes","All Races","Both Sexes","2007","06023","Humboldt County, CA","109,821","0","20,470","3,055","18.6","2.8","89,351","3,272","81.4","3.0"
"Under 65 years","All Incomes","All Races","Both Sexes","2006","06023","Humboldt County, CA","110,652","0","21,388","3,369","19.3","3.0","89,264","3,441","80.7","3.1"
"Under 65 years","All Incomes","All Races","Both Sexes","2013","06025","Imperial County, CA","147,861","0","31,435","2,107","21.3","1.4","116,426","2,107","78.7","1.4"
"Under 65 years","All Incomes","All Races","Both Sexes","2012","06025","Imperial County, CA","148,238","0","33,450","2,197","22.6","1.5","114,788","2,197","77.4","1.5"
"Under 65 years","All Incomes","All Races","Both Sexes","2011","06025","Imperial County, CA","148,803","0","33,969","2,275","22.8","1.5","114,833","2,275","77.2","1.5"
"Under 65 years","All Incomes","All Races","Both Sexes","2010","06025","Imperial County, CA","147,058","0","33,176","2,273","22.6","1.5","113,882","2,273","77.4","1.5"
"Under 65 years","All Incomes","All Races","Both Sexes","2009","06025","Imperial County, CA","137,005","0","31,535","2,108","23.0","1.5","105,470","2,108","77.0","1.5"
"Under 65 years","All Incomes","All Races","Both Sexes","2008","06025","Imperial County, CA","134,301","0","31,840","2,092","23.7","1.6","102,462","2,092","76.3","1.6"
"Under 65 years","All Incomes","All Races","Both Sexes","2007","06025","Imperial County, CA","135,110","0","25,674","2,859","19.0","2.1","109,436","3,105","81.0","2.3"
"Under 65 years","All Incomes","All Races","Both Sexes","2006","06025","Imperial County, CA","134,955","0","26,524","3,278","19.7","2.4","108,432","3,379","80.3","2.5"
"Under 65 years","All Incomes","All Races","Both Sexes","2013","06027","Inyo County, CA","14,456","0","2,626","211","18.2","1.5","11,830","211","81.8","1.5"
"Under 65 years","All Incomes","All Races","Both Sexes","2012","06027","Inyo County, CA","14,623","0","2,953","227","20.2","1.6","11,670","227","79.8","1.6"
"Under 65 years","All Incomes","All Races","Both Sexes","2011","06027","Inyo County, CA","14,696","0","2,992","241","20.4","1.6","11,704","241","79.6","1.6"
"Under 65 years","All Incomes","All Races","Both Sexes","2010","06027","Inyo County, CA","14,808","0","2,952","251","19.9","1.7","11,856","251","80.1","1.7"
"Under 65 years","All Incomes","All Races","Both Sexes","2009","06027","Inyo County, CA","14,565","0","2,830","236","19.4","1.6","11,735","236","80.6","1.6"
"Under 65 years","All Incomes","All Races","Both Sexes","2008","06027","Inyo County, CA","14,394","0","3,048","246","21.2","1.7","11,346","246","78.8","1.7"
"Under 65 years","All Incomes","All Races","Both Sexes","2007","06027","Inyo County, CA","14,337","0","3,094","442","21.6","3.1","11,243","462","78.4","3.2"
"Under 65 years","All Incomes","All Races","Both Sexes","2006","06027","Inyo County, CA","14,559","0","3,082","477","21.2","3.3","11,477","475","78.8","3.3"
"Under 65 years","All Incomes","All Races","Both Sexes","2013","06029","Kern County, CA","750,984","0","153,484","7,056","20.4","0.9","597,500","7,056","79.6","0.9"
"Under 65 years","All Incomes","All Races","Both Sexes","2012","06029","Kern County, CA","746,671","0","157,093","7,080","21.0","0.9","589,578","7,080","79.0","0.9"
"Under 65 years","All Incomes","All Races","Both Sexes","2011","06029","Kern County, CA","740,881","0","162,177","7,658","21.9","1.0","578,704","7,658","78.1","1.0"
"Under 65 years","All Incomes","All Races","Both Sexes","2010","06029","Kern County, CA","732,528","0","171,643","7,538","23.4","1.0","560,885","7,538","76.6","1.0"
"Under 65 years","All Incomes","All Races","Both Sexes","2009","06029","Kern County, CA","694,623","0","148,234","6,797","21.3","1.0","546,389","6,797","78.7","1.0"
"Under 65 years","All Incomes","All Races","Both Sexes","2008","06029","Kern County, CA","689,708","0","138,325","6,909","20.1","1.0","551,383","6,909","79.9","1.0"
"Under 65 years","All Incomes","All Races","Both Sexes","2007","06029","Kern County, CA","692,793","0","123,210","11,763","17.8","1.7","569,583","12,967","82.2","1.9"
"Under 65 years","All Incomes","All Races","Both Sexes","2006","06029","Kern County, CA","689,775","0","123,565","12,415","17.9","1.8","566,210","13,055","82.1","1.9"
"Under 65 years","All Incomes","All Races","Both Sexes","2013","06031","Kings County, CA","119,988","0","22,543","1,638","18.8","1.4","97,445","1,638","81.2","1.4"
"Under 65 years","All Incomes","All Races","Both Sexes","2012","06031","Kings County, CA","120,159","0","23,788","1,711","19.8","1.4","96,372","1,711","80.2","1.4"
"Under 65 years","All Incomes","All Races","Both Sexes","2011","06031","Kings County, CA","120,992","0","25,676","1,886","21.2","1.6","95,316","1,886","78.8","1.6"
"Under 65 years","All Incomes","All Races","Both Sexes","2010","06031","Kings County, CA","120,533","0","23,607","1,825","19.6","1.5","96,926","1,825","80.4","1.5"
"Under 65 years","All Incomes","All Races","Both Sexes","2009","06031","Kings County, CA","114,718","0","24,792","1,718","21.6","1.5","89,926","1,718","78.4","1.5"
"Under 65 years","All Incomes","All Races","Both Sexes","2008","06031","Kings County, CA","114,473","0","24,995","1,778","21.8","1.6","89,478","1,778","78.2","1.6"
"Under 65 years","All Incomes","All Races","Both Sexes","2007","06031","Kings County, CA","114,788","0","23,565","2,998","20.5","2.6","91,223","3,184","79.5","2.8"
"Under 65 years","All Incomes","All Races","Both Sexes","2006","06031","Kings County, CA","115,215","0","23,184","3,531","20.1","3.1","92,032","3,516","79.9","3.1"
"Under 65 years","All Incomes","All Races","Both Sexes","2013","06033","Lake County, CA","50,844","0","10,299","791","20.3","1.6","40,545","791","79.7","1.6"
"Under 65 years","All Incomes","All Races","Both Sexes","2012","06033","Lake County, CA","51,452","0","10,612","813","20.6","1.6","40,840","813","79.4","1.6"
"Under 65 years","All Incomes","All Races","Both Sexes","2011","06033","Lake County, CA","52,353","0","10,653","828","20.3","1.6","41,700","828","79.7","1.6"
"Under 65 years","All Incomes","All Races","Both Sexes","2010","06033","Lake County, CA","52,972","0","10,726","876","20.2","1.7","42,246","876","79.8","1.7"
"Under 65 years","All Incomes","All Races","Both Sexes","2009","06033","Lake County, CA","53,638","0","10,718","857","20.0","1.6","42,920","857","80.0","1.6"
"Under 65 years","All Incomes","All Races","Both Sexes","2008","06033","Lake County, CA","53,701","0","10,573","924","19.7","1.7","43,128","924","80.3","1.7"
"Under 65 years","All Incomes","All Races","Both Sexes","2007","06033","Lake County, CA","53,861","0","8,711","1,365","16.2","2.5","45,150","1,467","83.8","2.7"
"Under 65 years","All Incomes","All Races","Both Sexes","2006","06033","Lake County, CA","54,085","0","9,723","1,553","18.0","2.9","44,362","1,572","82.0","2.9"
"Under 65 years","All Incomes","All Races","Both Sexes","2013","06035","Lassen County, CA","19,972","0","2,580","233","12.9","1.2","17,392","233","87.1","1.2"
"Under 65 years","All Incomes","All Races","Both Sexes","2012","06035","Lassen County, CA","20,655","0","2,777","252","13.4","1.2","17,879","252","86.6","1.2"
"Under 65 years","All Incomes","All Races","Both Sexes","2011","06035","Lassen County, CA","21,134","0","3,095","291","14.6","1.4","18,039","291","85.4","1.4"
"Under 65 years","All Incomes","All Races","Both Sexes","2010","06035","Lassen County, CA","21,773","0","3,104","299","14.3","1.4","18,669","299","85.7","1.4"
"Under 65 years","All Incomes","All Races","Both Sexes","2009","06035","Lassen County, CA","22,025","0","3,563","300","16.2","1.4","18,462","300","83.8","1.4"
"Under 65 years","All Incomes","All Races","Both Sexes","2008","06035","Lassen County, CA","21,970","0","3,734","328","17.0","1.5","18,236","328","83.0","1.5"
"Under 65 years","All Incomes","All Races","Both Sexes","2007","06035","Lassen County, CA","22,064","0","3,264","518","14.8","2.3","18,800","557","85.2","2.5"
"Under 65 years","All Incomes","All Races","Both Sexes","2006","06035","Lassen County, CA","21,942","0","3,285","560","15.0","2.6","18,656","574","85.0","2.6"
"Under 65 years","All Incomes","All Races","Both Sexes","2013","06037","Los Angeles County, CA","8,701,240","0","2,059,406","30,425","23.7","0.3","6,641,834","30,425","76.3","0.3"
"Under 65 years","All Incomes","All Races","Both Sexes","2012","06037","Los Angeles County, CA","8,724,935","0","2,138,687","31,109","24.5","0.4","6,586,249","31,109","75.5","0.4"
"Under 65 years","All Incomes","All Races","Both Sexes","2011","06037","Los Angeles County, CA","8,704,680","0","2,158,922","34,373","24.8","0.4","6,545,758","34,373","75.2","0.4"
"Under 65 years","All Incomes","All Races","Both Sexes","2010","06037","Los Angeles County, CA","8,668,692","0","2,248,384","32,756","25.9","0.4","6,420,308","32,756","74.1","0.4"
"Under 65 years","All Incomes","All Races","Both Sexes","2009","06037","Los Angeles County, CA","8,709,739","0","2,168,591","35,302","24.9","0.4","6,541,148","35,302","75.1","0.4"
"Under 65 years","All Incomes","All Races","Both Sexes","2008","06037","Los Angeles County, CA","8,708,077","0","2,072,678","36,492","23.8","0.4","6,635,399","36,492","76.2","0.4"
"Under 65 years","All Incomes","All Races","Both Sexes","2007","06037","Los Angeles County, CA","8,671,735","0","1,999,732","72,799","23.1","0.8","6,672,003","81,450","76.9","0.9"
"Under 65 years","All Incomes","All Races","Both Sexes","2006","06037","Los Angeles County, CA","8,757,815","0","2,086,973","74,196","23.8","0.8","6,670,843","84,462","76.2","1.0"
"Under 65 years","All Incomes","All Races","Both Sexes","2013","06039","Madera County, CA","127,103","0","28,997","1,941","22.8","1.5","98,106","1,941","77.2","1.5"
"Under 65 years","All Incomes","All Races","Both Sexes","2012","06039","Madera County, CA","127,116","0","31,334","1,988","24.7","1.6","95,782","1,988","75.3","1.6"
"Under 65 years","All Incomes","All Races","Both Sexes","2011","06039","Madera County, CA","127,291","0","30,717","2,111","24.1","1.7","96,574","2,111","75.9","1.7"
"Under 65 years","All Incomes","All Races","Both Sexes","2010","06039","Madera County, CA","126,143","0","28,784","1,984","22.8","1.6","97,358","1,984","77.2","1.6"
"Under 65 years","All Incomes","All Races","Both Sexes","2009","06039","Madera County, CA","123,414","0","29,465","1,984","23.9","1.6","93,950","1,984","76.1","1.6"
"Under 65 years","All Incomes","All Races","Both Sexes","2008","06039","Madera County, CA","123,502","0","30,352","2,087","24.6","1.7","93,151","2,087","75.4","1.7"
"Under 65 years","All Incomes","All Races","Both Sexes","2007","06039","Madera County, CA","123,855","0","29,286","3,088","23.6","2.5","94,569","3,255","76.4","2.6"
"Under 65 years","All Incomes","All Races","Both Sexes","2006","06039","Madera County, CA","124,048","0","30,635","3,365","24.7","2.7","93,412","3,333","75.3","2.7"
"Under 65 years","All Incomes","All Races","Both Sexes","2013","06041","Marin County, CA","201,784","0","24,146","1,754","12.0","0.9","177,638","1,754","88.0","0.9"
"Under 65 years","All Incomes","All Races","Both Sexes","2012","06041","Marin County, CA","201,257","0","24,772","1,753","12.3","0.9","176,486","1,753","87.7","0.9"
"Under 65 years","All Incomes","All Races","Both Sexes","2011","06041","Marin County, CA","201,519","0","24,205","1,875","12.0","0.9","177,313","1,875","88.0","0.9"
"Under 65 years","All Incomes","All Races","Both Sexes","2010","06041","Marin County, CA","201,939","0","23,851","1,820","11.8","0.9","178,088","1,820","88.2","0.9"
"Under 65 years","All Incomes","All Races","Both Sexes","2009","06041","Marin County, CA","202,933","0","24,009","1,706","11.8","0.8","178,924","1,706","88.2","0.8"
"Under 65 years","All Incomes","All Races","Both Sexes","2008","06041","Marin County, CA","202,695","0","22,870","1,715","11.3","0.8","179,825","1,715","88.7","0.8"
"Under 65 years","All Incomes","All Races","Both Sexes","2007","06041","Marin County, CA","203,695","0","32,494","4,150","16.0","2.0","171,200","4,467","84.0","2.2"
"Under 65 years","All Incomes","All Races","Both Sexes","2006","06041","Marin County, CA","202,268","0","34,127","4,137","16.9","2.0","168,141","4,229","83.1","2.1"
"Under 65 years","All Incomes","All Races","Both Sexes","2013","06043","Mariposa County, CA","13,416","0","2,093","205","15.6","1.5","11,323","205","84.4","1.5"
"Under 65 years","All Incomes","All Races","Both Sexes","2012","06043","Mariposa County, CA","13,658","0","2,558","230","18.7","1.7","11,100","230","81.3","1.7"
"Under 65 years","All Incomes","All Races","Both Sexes","2011","06043","Mariposa County, CA","14,159","0","2,332","231","16.5","1.6","11,827","231","83.5","1.6"
"Under 65 years","All Incomes","All Races","Both Sexes","2010","06043","Mariposa County, CA","14,316","0","2,412","241","16.9","1.7","11,904","241","83.1","1.7"
"Under 65 years","All Incomes","All Races","Both Sexes","2009","06043","Mariposa County, CA","14,089","0","2,391","220","17.0","1.6","11,698","220","83.0","1.6"
"Under 65 years","All Incomes","All Races","Both Sexes","2008","06043","Mariposa County, CA","14,397","0","2,413","248","16.8","1.7","11,984","248","83.2","1.7"
"Under 65 years","All Incomes","All Races","Both Sexes","2007","06043","Mariposa County, CA","14,425","0","2,597","405","18.0","2.8","11,828","428","82.0","3.0"
"Under 65 years","All Incomes","All Races","Both Sexes","2006","06043","Mariposa County, CA","14,612","0","2,826","446","19.3","3.1","11,786","443","80.7","3.0"
"Under 65 years","All Incomes","All Races","Both Sexes","2013","06045","Mendocino County, CA","70,725","0","15,660","1,107","22.1","1.6","55,065","1,107","77.9","1.6"
"Under 65 years","All Incomes","All Races","Both Sexes","2012","06045","Mendocino County, CA","71,847","0","15,743","1,099","21.9","1.5","56,104","1,099","78.1","1.5"
"Under 65 years","All Incomes","All Races","Both Sexes","2011","06045","Mendocino County, CA","73,056","0","17,048","1,176","23.3","1.6","56,008","1,176","76.7","1.6"
"Under 65 years","All Incomes","All Races","Both Sexes","2010","06045","Mendocino County, CA","73,668","0","15,858","1,202","21.5","1.6","57,810","1,202","78.5","1.6"
"Under 65 years","All Incomes","All Races","Both Sexes","2009","06045","Mendocino County, CA","72,088","0","15,768","1,104","21.9","1.5","56,320","1,104","78.1","1.5"
"Under 65 years","All Incomes","All Races","Both Sexes","2008","06045","Mendocino County, CA","72,470","0","16,251","1,214","22.4","1.7","56,219","1,214","77.6","1.7"
"Under 65 years","All Incomes","All Races","Both Sexes","2007","06045","Mendocino County, CA","72,429","0","15,630","2,074","21.6","2.9","56,798","2,184","78.4","3.0"
"Under 65 years","All Incomes","All Races","Both Sexes","2006","06045","Mendocino County, CA","73,459","0","15,542","2,377","21.2","3.2","57,917","2,376","78.8","3.2"
"Under 65 years","All Incomes","All Races","Both Sexes","2013","06047","Merced County, CA","231,507","0","48,532","3,019","21.0","1.3","182,975","3,019","79.0","1.3"
"Under 65 years","All Incomes","All Races","Both Sexes","2012","06047","Merced County, CA","232,306","0","48,296","2,948","20.8","1.3","184,010","2,948","79.2","1.3"
"Under 65 years","All Incomes","All Races","Both Sexes","2011","06047","Merced County, CA","232,096","0","51,374","3,231","22.1","1.4","180,722","3,231","77.9","1.4"
"Under 65 years","All Incomes","All Races","Both Sexes","2010","06047","Merced County, CA","229,402","0","49,697","3,220","21.7","1.4","179,705","3,220","78.3","1.4"
"Under 65 years","All Incomes","All Races","Both Sexes","2009","06047","Merced County, CA","216,583","0","46,435","2,782","21.4","1.3","170,149","2,782","78.6","1.3"
"Under 65 years","All Incomes","All Races","Both Sexes","2008","06047","Merced County, CA","217,660","0","47,362","3,008","21.8","1.4","170,298","3,008","78.2","1.4"
"Under 65 years","All Incomes","All Races","Both Sexes","2007","06047","Merced County, CA","218,155","0","40,044","4,532","18.4","2.1","178,110","4,903","81.6","2.2"
"Under 65 years","All Incomes","All Races","Both Sexes","2006","06047","Merced County, CA","220,469","0","37,973","4,956","17.2","2.2","182,495","5,142","82.8","2.3"
"Under 65 years","All Incomes","All Races","Both Sexes","2013","06049","Modoc County, CA","6,943","0","1,627","134","23.4","1.9","5,316","134","76.6","1.9"
"Under 65 years","All Incomes","All Races","Both Sexes","2012","06049","Modoc County, CA","7,187","0","1,597","135","22.2","1.9","5,591","135","77.8","1.9"
"Under 65 years","All Incomes","All Races","Both Sexes","2011","06049","Modoc County, CA","7,429","0","1,566","135","21.1","1.8","5,862","135","78.9","1.8"
"Under 65 years","All Incomes","All Races","Both Sexes","2010","06049","Modoc County, CA","7,646","0","1,720","149","22.5","1.9","5,926","149","77.5","1.9"
"Under 65 years","All Incomes","All Races","Both Sexes","2009","06049","Modoc County, CA","7,105","0","1,564","126","22.0","1.8","5,541","126","78.0","1.8"
"Under 65 years","All Incomes","All Races","Both Sexes","2008","06049","Modoc County, CA","7,161","0","1,522","139","21.3","1.9","5,639","139","78.7","1.9"
"Under 65 years","All Incomes","All Races","Both Sexes","2007","06049","Modoc County, CA","7,171","0","1,234","192","17.2","2.7","5,937","207","82.8","2.9"
"Under 65 years","All Incomes","All Races","Both Sexes","2006","06049","Modoc County, CA","7,294","0","1,594","237","21.9","3.3","5,700","239","78.1","3.3"
"Under 65 years","All Incomes","All Races","Both Sexes","2013","06051","Mono County, CA","12,277","0","2,895","260","23.6","2.1","9,382","260","76.4","2.1"
"Under 65 years","All Incomes","All Races","Both Sexes","2012","06051","Mono County, CA","12,604","0","2,868","258","22.8","2.0","9,736","258","77.2","2.0"
"Under 65 years","All Incomes","All Races","Both Sexes","2011","06051","Mono County, CA","12,770","0","2,984","275","23.4","2.2","9,786","275","76.6","2.2"
"Under 65 years","All Incomes","All Races","Both Sexes","2010","06051","Mono County, CA","12,757","0","3,011","276","23.6","2.2","9,746","276","76.4","2.2"
"Under 65 years","All Incomes","All Races","Both Sexes","2009","06051","Mono County, CA","10,870","0","2,266","210","20.8","1.9","8,604","210","79.2","1.9"
"Under 65 years","All Incomes","All Races","Both Sexes","2008","06051","Mono County, CA","11,033","0","2,310","217","20.9","2.0","8,723","217","79.1","2.0"
"Under 65 years","All Incomes","All Races","Both Sexes","2007","06051","Mono County, CA","11,030","0","3,152","340","28.6","3.1","7,878","353","71.4","3.2"
"Under 65 years","All Incomes","All Races","Both Sexes","2006","06051","Mono County, CA","11,266","0","3,171","383","28.1","3.4","8,095","372","71.9","3.3"
"Under 65 years","All Incomes","All Races","Both Sexes","2013","06053","Monterey County, CA","361,948","0","88,314","4,481","24.4","1.2","273,634","4,481","75.6","1.2"
"Under 65 years","All Incomes","All Races","Both Sexes","2012","06053","Monterey County, CA","361,646","0","85,113","4,113","23.5","1.1","276,533","4,113","76.5","1.1"
"Under 65 years","All Incomes","All Races","Both Sexes","2011","06053","Monterey County, CA","360,078","0","85,820","4,475","23.8","1.2","274,258","4,475","76.2","1.2"
"Under 65 years","All Incomes","All Races","Both Sexes","2010","06053","Monterey County, CA","355,692","0","86,376","4,472","24.3","1.3","269,316","4,472","75.7","1.3"
"Under 65 years","All Incomes","All Races","Both Sexes","2009","06053","Monterey County, CA","349,326","0","82,510","4,130","23.6","1.2","266,816","4,130","76.4","1.2"
"Under 65 years","All Incomes","All Races","Both Sexes","2008","06053","Monterey County, CA","348,445","0","81,325","4,338","23.3","1.2","267,121","4,338","76.7","1.2"
"Under 65 years","All Incomes","All Races","Both Sexes","2007","06053","Monterey County, CA","348,108","0","90,175","7,585","25.9","2.2","257,933","7,812","74.1","2.2"
"Under 65 years","All Incomes","All Races","Both Sexes","2006","06053","Monterey County, CA","348,614","0","88,621","8,166","25.4","2.3","259,993","8,012","74.6","2.3"
"Under 65 years","All Incomes","All Races","Both Sexes","2013","06055","Napa County, CA","113,791","0","20,127","1,411","17.7","1.2","93,664","1,411","82.3","1.2"
"Under 65 years","All Incomes","All Races","Both Sexes","2012","06055","Napa County, CA","113,519","0","20,865","1,427","18.4","1.3","92,653","1,427","81.6","1.3"
"Under 65 years","All Incomes","All Races","Both Sexes","2011","06055","Napa County, CA","113,592","0","20,973","1,471","18.5","1.3","92,619","1,471","81.5","1.3"
"Under 65 years","All Incomes","All Races","Both Sexes","2010","06055","Napa County, CA","112,974","0","21,105","1,598","18.7","1.4","91,869","1,598","81.3","1.4"
"Under 65 years","All Incomes","All Races","Both Sexes","2009","06055","Napa County, CA","112,032","0","19,792","1,444","17.7","1.3","92,240","1,444","82.3","1.3"
"Under 65 years","All Incomes","All Races","Both Sexes","2008","06055","Napa County, CA","111,308","0","18,160","1,401","16.3","1.3","93,148","1,401","83.7","1.3"
"Under 65 years","All Incomes","All Races","Both Sexes","2007","06055","Napa County, CA","111,664","0","21,945","2,547","19.7","2.3","89,720","2,701","80.3","2.4"
"Under 65 years","All Incomes","All Races","Both Sexes","2006","06055","Napa County, CA","110,949","0","24,348","2,863","21.9","2.6","86,601","2,836","78.1","2.6"
"Under 65 years","All Incomes","All Races","Both Sexes","2013","06057","Nevada County, CA","75,577","0","13,183","1,032","17.4","1.4","62,394","1,032","82.6","1.4"
"Under 65 years","All Incomes","All Races","Both Sexes","2012","06057","Nevada County, CA","76,528","0","12,783","1,006","16.7","1.3","63,746","1,006","83.3","1.3"
"Under 65 years","All Incomes","All Races","Both Sexes","2011","06057","Nevada County, CA","78,048","0","13,589","1,114","17.4","1.4","64,459","1,114","82.6","1.4"
"Under 65 years","All Incomes","All Races","Both Sexes","2010","06057","Nevada County, CA","78,934","0","13,832","1,093","17.5","1.4","65,102","1,093","82.5","1.4"
"Under 65 years","All Incomes","All Races","Both Sexes","2009","06057","Nevada County, CA","78,994","0","12,436","992","15.7","1.3","66,558","992","84.3","1.3"
"Under 65 years","All Incomes","All Races","Both Sexes","2008","06057","Nevada County, CA","79,176","0","12,763","1,080","16.1","1.4","66,413","1,080","83.9","1.4"
"Under 65 years","All Incomes","All Races","Both Sexes","2007","06057","Nevada County, CA","79,506","0","14,719","1,775","18.5","2.2","64,787","1,887","81.5","2.4"
"Under 65 years","All Incomes","All Races","Both Sexes","2006","06057","Nevada County, CA","79,543","0","16,214","1,959","20.4","2.5","63,329","1,940","79.6","2.4"
"Under 65 years","All Incomes","All Races","Both Sexes","2013","06059","Orange County, CA","2,677,054","0","504,591","14,882","18.8","0.6","2,172,463","14,882","81.2","0.6"
"Under 65 years","All Incomes","All Races","Both Sexes","2012","06059","Orange County, CA","2,680,448","0","518,145","14,825","19.3","0.6","2,162,302","14,825","80.7","0.6"
"Under 65 years","All Incomes","All Races","Both Sexes","2011","06059","Orange County, CA","2,664,427","0","515,368","15,633","19.3","0.6","2,149,060","15,633","80.7","0.6"
"Under 65 years","All Incomes","All Races","Both Sexes","2010","06059","Orange County, CA","2,643,437","0","527,030","15,288","19.9","0.6","2,116,407","15,288","80.1","0.6"
"Under 65 years","All Incomes","All Races","Both Sexes","2009","06059","Orange County, CA","2,669,595","0","527,641","15,399","19.8","0.6","2,141,954","15,399","80.2","0.6"
"Under 65 years","All Incomes","All Races","Both Sexes","2008","06059","Orange County, CA","2,657,762","0","491,853","15,039","18.5","0.6","2,165,909","15,039","81.5","0.6"
"Under 65 years","All Incomes","All Races","Both Sexes","2007","06059","Orange County, CA","2,648,271","0","563,065","32,086","21.3","1.2","2,085,206","34,010","78.7","1.3"
"Under 65 years","All Incomes","All Races","Both Sexes","2006","06059","Orange County, CA","2,636,669","0","591,486","32,620","22.4","1.2","2,045,183","34,008","77.6","1.3"
"Under 65 years","All Incomes","All Races","Both Sexes","2013","06061","Placer County, CA","300,722","0","38,355","2,560","12.8","0.9","262,367","2,560","87.2","0.9"
"Under 65 years","All Incomes","All Races","Both Sexes","2012","06061","Placer County, CA","298,436","0","38,166","2,523","12.8","0.8","260,271","2,523","87.2","0.8"
"Under 65 years","All Incomes","All Races","Both Sexes","2011","06061","Placer County, CA","296,506","0","36,271","2,756","12.2","0.9","260,235","2,756","87.8","0.9"
"Under 65 years","All Incomes","All Races","Both Sexes","2010","06061","Placer County, CA","292,631","0","36,419","2,693","12.4","0.9","256,212","2,693","87.6","0.9"
"Under 65 years","All Incomes","All Races","Both Sexes","2009","06061","Placer County, CA","292,779","0","34,418","2,446","11.8","0.8","258,361","2,446","88.2","0.8"
"Under 65 years","All Incomes","All Races","Both Sexes","2008","06061","Placer County, CA","289,123","0","33,037","2,669","11.4","0.9","256,086","2,669","88.6","0.9"
"Under 65 years","All Incomes","All Races","Both Sexes","2007","06061","Placer County, CA","290,745","0","42,821","5,396","14.7","1.9","247,924","5,928","85.3","2.0"
"Under 65 years","All Incomes","All Races","Both Sexes","2006","06061","Placer County, CA","281,303","0","38,562","5,317","13.7","1.9","242,741","5,645","86.3","2.0"
"Under 65 years","All Incomes","All Races","Both Sexes","2013","06063","Plumas County, CA","14,150","0","2,616","234","18.5","1.7","11,534","234","81.5","1.7"
"Under 65 years","All Incomes","All Races","Both Sexes","2012","06063","Plumas County, CA","14,761","0","2,804","237","19.0","1.6","11,956","237","81.0","1.6"
"Under 65 years","All Incomes","All Races","Both Sexes","2011","06063","Plumas County, CA","15,305","0","2,807","254","18.3","1.7","12,498","254","81.7","1.7"
"Under 65 years","All Incomes","All Races","Both Sexes","2010","06063","Plumas County, CA","15,610","0","2,945","267","18.9","1.7","12,665","267","81.1","1.7"
"Under 65 years","All Incomes","All Races","Both Sexes","2009","06063","Plumas County, CA","15,746","0","2,554","229","16.2","1.5","13,191","229","83.8","1.5"
"Under 65 years","All Incomes","All Races","Both Sexes","2008","06063","Plumas County, CA","16,160","0","2,697","269","16.7","1.7","13,463","269","83.3","1.7"
"Under 65 years","All Incomes","All Races","Both Sexes","2007","06063","Plumas County, CA","16,212","0","2,955","396","18.2","2.4","13,257","420","81.8","2.6"
"Under 65 years","All Incomes","All Races","Both Sexes","2006","06063","Plumas County, CA","16,624","0","3,264","430","19.6","2.6","13,360","430","80.4","2.6"
"Under 65 years","All Incomes","All Races","Both Sexes","2013","06065","Riverside County, CA","1,968,019","0","431,104","13,548","21.9","0.7","1,536,915","13,548","78.1","0.7"
"Under 65 years","All Incomes","All Races","Both Sexes","2012","06065","Riverside County, CA","1,958,813","0","440,991","13,236","22.5","0.7","1,517,822","13,236","77.5","0.7"
"Under 65 years","All Incomes","All Races","Both Sexes","2011","06065","Riverside County, CA","1,943,134","0","433,323","14,586","22.3","0.8","1,509,811","14,586","77.7","0.8"
"Under 65 years","All Incomes","All Races","Both Sexes","2010","06065","Riverside County, CA","1,913,839","0","448,271","13,838","23.4","0.7","1,465,568","13,838","76.6","0.7"
"Under 65 years","All Incomes","All Races","Both Sexes","2009","06065","Riverside County, CA","1,851,248","0","417,367","13,547","22.5","0.7","1,433,881","13,547","77.5","0.7"
"Under 65 years","All Incomes","All Races","Both Sexes","2008","06065","Riverside County, CA","1,830,610","0","405,030","14,285","22.1","0.8","1,425,580","14,285","77.9","0.8"
"Under 65 years","All Incomes","All Races","Both Sexes","2007","06065","Riverside County, CA","1,832,651","0","474,596","30,449","25.9","1.7","1,358,055","30,520","74.1","1.7"
"Under 65 years","All Incomes","All Races","Both Sexes","2006","06065","Riverside County, CA","1,821,080","0","513,860","31,372","28.2","1.7","1,307,220","29,862","71.8","1.6"
"Under 65 years","All Incomes","All Races","Both Sexes","2013","06067","Sacramento County, CA","1,264,943","0","213,144","9,130","16.9","0.7","1,051,799","9,130","83.1","0.7"
"Under 65 years","All Incomes","All Races","Both Sexes","2012","06067","Sacramento County, CA","1,265,411","0","221,492","8,997","17.5","0.7","1,043,920","8,997","82.5","0.7"
"Under 65 years","All Incomes","All Races","Both Sexes","2011","06067","Sacramento County, CA","1,258,724","0","203,576","9,272","16.2","0.7","1,055,148","9,272","83.8","0.7"
"Under 65 years","All Incomes","All Races","Both Sexes","2010","06067","Sacramento County, CA","1,249,653","0","199,328","8,940","16.0","0.7","1,050,325","8,940","84.0","0.7"
"Under 65 years","All Incomes","All Races","Both Sexes","2009","06067","Sacramento County, CA","1,237,418","0","195,203","8,313","15.8","0.7","1,042,215","8,313","84.2","0.7"
"Under 65 years","All Incomes","All Races","Both Sexes","2008","06067","Sacramento County, CA","1,229,676","0","174,893","8,278","14.2","0.7","1,054,783","8,278","85.8","0.7"
"Under 65 years","All Incomes","All Races","Both Sexes","2007","06067","Sacramento County, CA","1,226,021","0","202,448","17,458","16.5","1.4","1,023,573","19,643","83.5","1.6"
"Under 65 years","All Incomes","All Races","Both Sexes","2006","06067","Sacramento County, CA","1,223,828","0","203,468","17,660","16.6","1.4","1,020,360","19,350","83.4","1.6"
"Under 65 years","All Incomes","All Races","Both Sexes","2013","06069","San Benito County, CA","50,900","0","9,804","731","19.3","1.4","41,096","731","80.7","1.4"
"Under 65 years","All Incomes","All Races","Both Sexes","2012","06069","San Benito County, CA","50,539","0","9,461","715","18.7","1.4","41,077","715","81.3","1.4"
"Under 65 years","All Incomes","All Races","Both Sexes","2011","06069","San Benito County, CA","50,130","0","9,692","741","19.3","1.5","40,438","741","80.7","1.5"
"Under 65 years","All Incomes","All Races","Both Sexes","2010","06069","San Benito County, CA","49,870","0","10,225","816","20.5","1.6","39,645","816","79.5","1.6"
"Under 65 years","All Incomes","All Races","Both Sexes","2009","06069","San Benito County, CA","49,538","0","9,319","725","18.8","1.5","40,219","725","81.2","1.5"
"Under 65 years","All Incomes","All Races","Both Sexes","2008","06069","San Benito County, CA","49,404","0","9,706","746","19.6","1.5","39,699","746","80.4","1.5"
"Under 65 years","All Incomes","All Races","Both Sexes","2007","06069","San Benito County, CA","49,756","0","9,136","990","18.4","2.0","40,619","1,054","81.6","2.1"
"Under 65 years","All Incomes","All Races","Both Sexes","2006","06069","San Benito County, CA","49,683","0","8,997","1,064","18.1","2.1","40,686","1,074","81.9","2.2"
"Under 65 years","All Incomes","All Races","Both Sexes","2013","06071","San Bernardino County, CA","1,844,751","0","376,890","13,092","20.4","0.7","1,467,861","13,092","79.6","0.7"
"Under 65 years","All Incomes","All Races","Both Sexes","2012","06071","San Bernardino County, CA","1,849,925","0","400,237","13,078","21.6","0.7","1,449,688","13,078","78.4","0.7"
"Under 65 years","All Incomes","All Races","Both Sexes","2011","06071","San Bernardino County, CA","1,845,119","0","400,347","15,181","21.7","0.8","1,444,772","15,181","78.3","0.8"
"Under 65 years","All Incomes","All Races","Both Sexes","2010","06071","San Bernardino County, CA","1,827,727","0","411,749","13,887","22.5","0.8","1,415,978","13,887","77.5","0.8"
"Under 65 years","All Incomes","All Races","Both Sexes","2009","06071","San Bernardino County, CA","1,797,495","0","386,929","13,718","21.5","0.8","1,410,567","13,718","78.5","0.8"
"Under 65 years","All Incomes","All Races","Both Sexes","2008","06071","San Bernardino County, CA","1,799,318","0","375,172","13,966","20.9","0.8","1,424,146","13,966","79.1","0.8"
"Under 65 years","All Incomes","All Races","Both Sexes","2007","06071","San Bernardino County, CA","1,802,390","0","413,021","27,853","22.9","1.5","1,389,369","28,708","77.1","1.6"
"Under 65 years","All Incomes","All Races","Both Sexes","2006","06071","San Bernardino County, CA","1,810,302","0","431,101","29,111","23.8","1.6","1,379,201","29,021","76.2","1.6"
"Under 65 years","All Incomes","All Races","Both Sexes","2013","06073","San Diego County, CA","2,727,980","0","489,072","15,352","17.9","0.6","2,238,908","15,352","82.1","0.6"
"Under 65 years","All Incomes","All Races","Both Sexes","2012","06073","San Diego County, CA","2,715,753","0","500,305","15,402","18.4","0.6","2,215,448","15,402","81.6","0.6"
"Under 65 years","All Incomes","All Races","Both Sexes","2011","06073","San Diego County, CA","2,693,748","0","511,840","16,441","19.0","0.6","2,181,909","16,441","81.0","0.6"
"Under 65 years","All Incomes","All Races","Both Sexes","2010","06073","San Diego County, CA","2,670,619","0","511,168","15,781","19.1","0.6","2,159,451","15,781","80.9","0.6"
"Under 65 years","All Incomes","All Races","Both Sexes","2009","06073","San Diego County, CA","2,646,739","0","496,927","15,684","18.8","0.6","2,149,812","15,684","81.2","0.6"
"Under 65 years","All Incomes","All Races","Both Sexes","2008","06073","San Diego County, CA","2,586,808","0","475,687","15,711","18.4","0.6","2,111,121","15,711","81.6","0.6"
"Under 65 years","All Incomes","All Races","Both Sexes","2007","06073","San Diego County, CA","2,586,175","0","518,308","33,176","20.0","1.3","2,067,868","35,845","80.0","1.4"
"Under 65 years","All Incomes","All Races","Both Sexes","2006","06073","San Diego County, CA","2,565,639","0","589,271","35,159","23.0","1.4","1,976,369","35,768","77.0","1.4"
"Under 65 years","All Incomes","All Races","Both Sexes","2013","06075","San Francisco County, CA","704,527","0","88,165","5,218","12.5","0.7","616,362","5,218","87.5","0.7"
"Under 65 years","All Incomes","All Races","Both Sexes","2012","06075","San Francisco County, CA","702,142","0","94,423","5,468","13.4","0.8","607,719","5,468","86.6","0.8"
"Under 65 years","All Incomes","All Races","Both Sexes","2011","06075","San Francisco County, CA","690,802","0","96,285","6,085","13.9","0.9","594,517","6,085","86.1","0.9"
"Under 65 years","All Incomes","All Races","Both Sexes","2010","06075","San Francisco County, CA","686,202","0","99,476","5,829","14.5","0.8","586,726","5,829","85.5","0.8"
"Under 65 years","All Incomes","All Races","Both Sexes","2009","06075","San Francisco County, CA","703,350","0","104,399","5,659","14.8","0.8","598,951","5,659","85.2","0.8"
"Under 65 years","All Incomes","All Races","Both Sexes","2008","06075","San Francisco County, CA","691,089","0","87,828","5,126","12.7","0.7","603,261","5,126","87.3","0.7"
"Under 65 years","All Incomes","All Races","Both Sexes","2007","06075","San Francisco County, CA","684,376","0","116,346","11,864","17.0","1.7","568,030","12,846","83.0","1.9"
"Under 65 years","All Incomes","All Races","Both Sexes","2006","06075","San Francisco County, CA","645,606","0","122,856","11,643","19.0","1.8","522,750","11,963","81.0","1.9"
"Under 65 years","All Incomes","All Races","Both Sexes","2013","06077","San Joaquin County, CA","614,713","0","117,937","5,778","19.2","0.9","496,776","5,778","80.8","0.9"
"Under 65 years","All Incomes","All Races","Both Sexes","2012","06077","San Joaquin County, CA","618,042","0","120,724","5,776","19.5","0.9","497,318","5,776","80.5","0.9"
"Under 65 years","All Incomes","All Races","Both Sexes","2011","06077","San Joaquin County, CA","614,347","0","118,365","6,033","19.3","1.0","495,982","6,033","80.7","1.0"
"Under 65 years","All Incomes","All Races","Both Sexes","2010","06077","San Joaquin County, CA","607,676","0","117,928","5,839","19.4","1.0","489,748","5,839","80.6","1.0"
"Under 65 years","All Incomes","All Races","Both Sexes","2009","06077","San Joaquin County, CA","598,554","0","114,746","5,601","19.2","0.9","483,808","5,601","80.8","0.9"
"Under 65 years","All Incomes","All Races","Both Sexes","2008","06077","San Joaquin County, CA","595,831","0","106,630","5,614","17.9","0.9","489,201","5,614","82.1","0.9"
"Under 65 years","All Incomes","All Races","Both Sexes","2007","06077","San Joaquin County, CA","595,163","0","101,894","10,430","17.1","1.8","493,268","11,373","82.9","1.9"
"Under 65 years","All Incomes","All Races","Both Sexes","2006","06077","San Joaquin County, CA","596,615","0","102,006","11,336","17.1","1.9","494,609","11,673","82.9","2.0"
"Under 65 years","All Incomes","All Races","Both Sexes","2013","06079","San Luis Obispo County, CA","214,653","0","34,019","2,443","15.8","1.1","180,634","2,443","84.2","1.1"
"Under 65 years","All Incomes","All Races","Both Sexes","2012","06079","San Luis Obispo County, CA","214,221","0","36,190","2,532","16.9","1.2","178,031","2,532","83.1","1.2"
"Under 65 years","All Incomes","All Races","Both Sexes","2011","06079","San Luis Obispo County, CA","213,532","0","39,043","2,864","18.3","1.3","174,489","2,864","81.7","1.3"
"Under 65 years","All Incomes","All Races","Both Sexes","2010","06079","San Luis Obispo County, CA","213,091","0","38,754","2,712","18.2","1.3","174,337","2,712","81.8","1.3"
"Under 65 years","All Incomes","All Races","Both Sexes","2009","06079","San Luis Obispo County, CA","213,754","0","37,001","2,520","17.3","1.2","176,754","2,520","82.7","1.2"
"Under 65 years","All Incomes","All Races","Both Sexes","2008","06079","San Luis Obispo County, CA","213,089","0","36,409","2,615","17.1","1.2","176,680","2,615","82.9","1.2"
"Under 65 years","All Incomes","All Races","Both Sexes","2007","06079","San Luis Obispo County, CA","213,695","0","43,022","4,783","20.1","2.2","170,673","5,106","79.9","2.4"
"Under 65 years","All Incomes","All Races","Both Sexes","2006","06079","San Luis Obispo County, CA","211,332","0","46,843","5,081","22.2","2.4","164,488","5,109","77.8","2.4"
"Under 65 years","All Incomes","All Races","Both Sexes","2013","06081","San Mateo County, CA","632,259","0","76,528","4,351","12.1","0.7","555,731","4,351","87.9","0.7"
"Under 65 years","All Incomes","All Races","Both Sexes","2012","06081","San Mateo County, CA","630,922","0","82,376","4,673","13.1","0.7","548,545","4,673","86.9","0.7"
"Under 65 years","All Incomes","All Races","Both Sexes","2011","06081","San Mateo County, CA","622,230","0","82,752","4,857","13.3","0.8","539,478","4,857","86.7","0.8"
"Under 65 years","All Incomes","All Races","Both Sexes","2010","06081","San Mateo County, CA","619,045","0","83,186","4,843","13.4","0.8","535,859","4,843","86.6","0.8"
"Under 65 years","All Incomes","All Races","Both Sexes","2009","06081","San Mateo County, CA","628,206","0","81,449","4,566","13.0","0.7","546,757","4,566","87.0","0.7"
"Under 65 years","All Incomes","All Races","Both Sexes","2008","06081","San Mateo County, CA","620,580","0","78,798","4,594","12.7","0.7","541,782","4,594","87.3","0.7"
"Under 65 years","All Incomes","All Races","Both Sexes","2007","06081","San Mateo County, CA","617,341","0","99,367","9,575","16.1","1.6","517,974","10,397","83.9","1.7"
"Under 65 years","All Incomes","All Races","Both Sexes","2006","06081","San Mateo County, CA","606,723","0","102,664","9,628","16.9","1.6","504,060","10,164","83.1","1.7"
"Under 65 years","All Incomes","All Races","Both Sexes","2013","06083","Santa Barbara County, CA","359,219","0","75,886","4,244","21.1","1.2","283,333","4,244","78.9","1.2"
"Under 65 years","All Incomes","All Races","Both Sexes","2012","06083","Santa Barbara County, CA","357,632","0","75,357","4,087","21.1","1.1","282,275","4,087","78.9","1.1"
"Under 65 years","All Incomes","All Races","Both Sexes","2011","06083","Santa Barbara County, CA","356,044","0","79,118","4,441","22.2","1.2","276,927","4,441","77.8","1.2"
"Under 65 years","All Incomes","All Races","Both Sexes","2010","06083","Santa Barbara County, CA","354,623","0","75,530","4,272","21.3","1.2","279,093","4,272","78.7","1.2"
"Under 65 years","All Incomes","All Races","Both Sexes","2009","06083","Santa Barbara County, CA","338,928","0","65,520","3,664","19.3","1.1","273,408","3,664","80.7","1.1"
"Under 65 years","All Incomes","All Races","Both Sexes","2008","06083","Santa Barbara County, CA","338,316","0","63,830","3,735","18.9","1.1","274,485","3,735","81.1","1.1"
"Under 65 years","All Incomes","All Races","Both Sexes","2007","06083","Santa Barbara County, CA","338,252","0","82,623","7,453","24.4","2.2","255,629","7,739","75.6","2.3"
"Under 65 years","All Incomes","All Races","Both Sexes","2006","06083","Santa Barbara County, CA","339,991","0","90,320","7,531","26.6","2.2","249,671","7,375","73.4","2.2"
"Under 65 years","All Incomes","All Races","Both Sexes","2013","06085","Santa Clara County, CA","1,607,995","0","203,001","8,570","12.6","0.5","1,404,994","8,570","87.4","0.5"
"Under 65 years","All Incomes","All Races","Both Sexes","2012","06085","Santa Clara County, CA","1,605,451","0","215,463","9,050","13.4","0.6","1,389,987","9,050","86.6","0.6"
"Under 65 years","All Incomes","All Races","Both Sexes","2011","06085","Santa Clara County, CA","1,581,960","0","210,490","9,442","13.3","0.6","1,371,470","9,442","86.7","0.6"
"Under 65 years","All Incomes","All Races","Both Sexes","2010","06085","Santa Clara County, CA","1,570,149","0","216,019","9,416","13.8","0.6","1,354,130","9,416","86.2","0.6"
"Under 65 years","All Incomes","All Races","Both Sexes","2009","06085","Santa Clara County, CA","1,594,014","0","220,218","9,251","13.8","0.6","1,373,796","9,251","86.2","0.6"
"Under 65 years","All Incomes","All Races","Both Sexes","2008","06085","Santa Clara County, CA","1,574,596","0","190,669","8,647","12.1","0.5","1,383,927","8,647","87.9","0.5"
"Under 65 years","All Incomes","All Races","Both Sexes","2007","06085","Santa Clara County, CA","1,560,514","0","241,748","19,056","15.5","1.2","1,318,766","21,679","84.5","1.4"
"Under 65 years","All Incomes","All Races","Both Sexes","2006","06085","Santa Clara County, CA","1,537,645","0","255,173","19,720","16.6","1.3","1,282,472","21,807","83.4","1.4"
"Under 65 years","All Incomes","All Races","Both Sexes","2013","06087","Santa Cruz County, CA","224,322","0","41,753","2,782","18.6","1.2","182,569","2,782","81.4","1.2"
"Under 65 years","All Incomes","All Races","Both Sexes","2012","06087","Santa Cruz County, CA","224,148","0","41,226","2,687","18.4","1.2","182,921","2,687","81.6","1.2"
"Under 65 years","All Incomes","All Races","Both Sexes","2011","06087","Santa Cruz County, CA","225,006","0","40,797","2,682","18.1","1.2","184,209","2,682","81.9","1.2"
"Under 65 years","All Incomes","All Races","Both Sexes","2010","06087","Santa Cruz County, CA","225,178","0","41,184","2,780","18.3","1.2","183,994","2,780","81.7","1.2"
"Under 65 years","All Incomes","All Races","Both Sexes","2009","06087","Santa Cruz County, CA","220,261","0","39,653","2,539","18.0","1.2","180,608","2,539","82.0","1.2"
"Under 65 years","All Incomes","All Races","Both Sexes","2008","06087","Santa Cruz County, CA","219,242","0","37,142","2,432","16.9","1.1","182,100","2,432","83.1","1.1"
"Under 65 years","All Incomes","All Races","Both Sexes","2007","06087","Santa Cruz County, CA","219,806","0","44,523","4,741","20.3","2.2","175,283","5,013","79.7","2.3"
"Under 65 years","All Incomes","All Races","Both Sexes","2006","06087","Santa Cruz County, CA","218,763","0","49,218","5,093","22.5","2.3","169,544","5,077","77.5","2.3"
"Under 65 years","All Incomes","All Races","Both Sexes","2013","06089","Shasta County, CA","144,238","0","26,012","1,808","18.0","1.3","118,226","1,808","82.0","1.3"
"Under 65 years","All Incomes","All Races","Both Sexes","2012","06089","Shasta County, CA","145,149","0","27,568","1,868","19.0","1.3","117,581","1,868","81.0","1.3"
"Under 65 years","All Incomes","All Races","Both Sexes","2011","06089","Shasta County, CA","146,095","0","26,453","1,927","18.1","1.3","119,642","1,927","81.9","1.3"
"Under 65 years","All Incomes","All Races","Both Sexes","2010","06089","Shasta County, CA","146,102","0","25,788","1,891","17.7","1.3","120,314","1,891","82.3","1.3"
"Under 65 years","All Incomes","All Races","Both Sexes","2009","06089","Shasta County, CA","150,964","0","26,814","1,840","17.8","1.2","124,150","1,840","82.2","1.2"
"Under 65 years","All Incomes","All Races","Both Sexes","2008","06089","Shasta County, CA","151,073","0","27,403","2,072","18.1","1.4","123,670","2,072","81.9","1.4"
"Under 65 years","All Incomes","All Races","Both Sexes","2007","06089","Shasta County, CA","151,518","0","23,745","3,740","15.7","2.5","127,773","4,015","84.3","2.7"
"Under 65 years","All Incomes","All Races","Both Sexes","2006","06089","Shasta County, CA","151,565","0","23,613","3,988","15.6","2.6","127,952","4,063","84.4","2.7"
"Under 65 years","All Incomes","All Races","Both Sexes","2013","06091","Sierra County, CA","2,276","0","471","44","20.7","1.9","1,805","44","79.3","1.9"
"Under 65 years","All Incomes","All Races","Both Sexes","2012","06091","Sierra County, CA","2,337","0","483","44","20.7","1.9","1,855","44","79.3","1.9"
"Under 65 years","All Incomes","All Races","Both Sexes","2011","06091","Sierra County, CA","2,420","0","486","45","20.1","1.9","1,934","45","79.9","1.9"
"Under 65 years","All Incomes","All Races","Both Sexes","2010","06091","Sierra County, CA","2,572","0","468","46","18.2","1.8","2,104","46","81.8","1.8"
"Under 65 years","All Incomes","All Races","Both Sexes","2009","06091","Sierra County, CA","2,567","0","470","43","18.3","1.7","2,097","43","81.7","1.7"
"Under 65 years","All Incomes","All Races","Both Sexes","2008","06091","Sierra County, CA","2,661","0","539","51","20.2","1.9","2,122","51","79.8","1.9"
"Under 65 years","All Incomes","All Races","Both Sexes","2007","06091","Sierra County, CA","2,668","0","522","80","19.6","3.0","2,146","84","80.4","3.2"
"Under 65 years","All Incomes","All Races","Both Sexes","2006","06091","Sierra County, CA","2,743","0","654","91","23.8","3.3","2,090","90","76.2","3.3"
"Under 65 years","All Incomes","All Races","Both Sexes","2013","06093","Siskiyou County, CA","33,899","0","6,881","512","20.3","1.5","27,018","512","79.7","1.5"
"Under 65 years","All Incomes","All Races","Both Sexes","2012","06093","Siskiyou County, CA","34,633","0","6,550","499","18.9","1.4","28,083","499","81.1","1.4"
"Under 65 years","All Incomes","All Races","Both Sexes","2011","06093","Siskiyou County, CA","35,521","0","7,108","530","20.0","1.5","28,413","530","80.0","1.5"
"Under 65 years","All Incomes","All Races","Both Sexes","2010","06093","Siskiyou County, CA","35,982","0","7,022","567","19.5","1.6","28,959","567","80.5","1.6"
"Under 65 years","All Incomes","All Races","Both Sexes","2009","06093","Siskiyou County, CA","35,590","0","6,760","515","19.0","1.4","28,830","515","81.0","1.4"
"Under 65 years","All Incomes","All Races","Both Sexes","2008","06093","Siskiyou County, CA","35,723","0","6,889","577","19.3","1.6","28,834","577","80.7","1.6"
"Under 65 years","All Incomes","All Races","Both Sexes","2007","06093","Siskiyou County, CA","35,702","0","6,227","955","17.4","2.7","29,475","1,020","82.6","2.9"
"Under 65 years","All Incomes","All Races","Both Sexes","2006","06093","Siskiyou County, CA","35,941","0","6,992","1,090","19.5","3.0","28,949","1,101","80.5","3.1"
"Under 65 years","All Incomes","All Races","Both Sexes","2013","06095","Solano County, CA","358,391","0","52,773","3,306","14.7","0.9","305,618","3,306","85.3","0.9"
"Under 65 years","All Incomes","All Races","Both Sexes","2012","06095","Solano County, CA","358,388","0","54,474","3,304","15.2","0.9","303,913","3,304","84.8","0.9"
"Under 65 years","All Incomes","All Races","Both Sexes","2011","06095","Solano County, CA","356,275","0","50,890","3,360","14.3","0.9","305,385","3,360","85.7","0.9"
"Under 65 years","All Incomes","All Races","Both Sexes","2010","06095","Solano County, CA","356,196","0","51,013","3,391","14.3","1.0","305,183","3,391","85.7","1.0"
"Under 65 years","All Incomes","All Races","Both Sexes","2009","06095","Solano County, CA","350,541","0","50,595","3,243","14.4","0.9","299,947","3,243","85.6","0.9"
"Under 65 years","All Incomes","All Races","Both Sexes","2008","06095","Solano County, CA","350,983","0","47,554","3,214","13.5","0.9","303,429","3,214","86.5","0.9"
"Under 65 years","All Incomes","All Races","Both Sexes","2007","06095","Solano County, CA","350,734","0","54,214","6,051","15.5","1.7","296,520","6,636","84.5","1.9"
"Under 65 years","All Incomes","All Races","Both Sexes","2006","06095","Solano County, CA","351,597","0","61,068","6,718","17.4","1.9","290,529","6,968","82.6","2.0"
"Under 65 years","All Incomes","All Races","Both Sexes","2013","06097","Sonoma County, CA","408,286","0","70,403","3,957","17.2","1.0","337,883","3,957","82.8","1.0"
"Under 65 years","All Incomes","All Races","Both Sexes","2012","06097","Sonoma County, CA","409,351","0","73,341","3,945","17.9","1.0","336,010","3,945","82.1","1.0"
"Under 65 years","All Incomes","All Races","Both Sexes","2011","06097","Sonoma County, CA","410,515","0","73,832","4,269","18.0","1.0","336,683","4,269","82.0","1.0"
"Under 65 years","All Incomes","All Races","Both Sexes","2010","06097","Sonoma County, CA","410,657","0","72,057","4,048","17.5","1.0","338,600","4,048","82.5","1.0"
"Under 65 years","All Incomes","All Races","Both Sexes","2009","06097","Sonoma County, CA","402,325","0","64,945","3,639","16.1","0.9","337,380","3,639","83.9","0.9"
"Under 65 years","All Incomes","All Races","Both Sexes","2008","06097","Sonoma County, CA","400,238","0","64,036","3,801","16.0","0.9","336,202","3,801","84.0","0.9"
"Under 65 years","All Incomes","All Races","Both Sexes","2007","06097","Sonoma County, CA","402,028","0","71,644","7,544","17.8","1.9","330,384","8,046","82.2","2.0"
"Under 65 years","All Incomes","All Races","Both Sexes","2006","06097","Sonoma County, CA","399,100","0","81,855","8,400","20.5","2.1","317,245","8,411","79.5","2.1"
"Under 65 years","All Incomes","All Races","Both Sexes","2013","06099","Stanislaus County, CA","460,168","0","94,862","4,912","20.6","1.1","365,306","4,912","79.4","1.1"
"Under 65 years","All Incomes","All Races","Both Sexes","2012","06099","Stanislaus County, CA","459,959","0","90,240","4,671","19.6","1.0","369,719","4,671","80.4","1.0"
"Under 65 years","All Incomes","All Races","Both Sexes","2011","06099","Stanislaus County, CA","459,758","0","92,626","4,854","20.1","1.1","367,133","4,854","79.9","1.1"
"Under 65 years","All Incomes","All Races","Both Sexes","2010","06099","Stanislaus County, CA","457,541","0","89,607","4,779","19.6","1.0","367,934","4,779","80.4","1.0"
"Under 65 years","All Incomes","All Races","Both Sexes","2009","06099","Stanislaus County, CA","452,568","0","91,531","4,755","20.2","1.1","361,037","4,755","79.8","1.1"
"Under 65 years","All Incomes","All Races","Both Sexes","2008","06099","Stanislaus County, CA","453,059","0","87,937","4,894","19.4","1.1","365,122","4,894","80.6","1.1"
"Under 65 years","All Incomes","All Races","Both Sexes","2007","06099","Stanislaus County, CA","454,281","0","78,189","8,031","17.2","1.8","376,091","8,756","82.8","1.9"
"Under 65 years","All Incomes","All Races","Both Sexes","2006","06099","Stanislaus County, CA","457,503","0","80,079","8,630","17.5","1.9","377,425","8,988","82.5","2.0"
"Under 65 years","All Incomes","All Races","Both Sexes","2013","06101","Sutter County, CA","81,604","0","17,075","1,227","20.9","1.5","64,529","1,227","79.1","1.5"
"Under 65 years","All Incomes","All Races","Both Sexes","2012","06101","Sutter County, CA","82,268","0","16,494","1,176","20.0","1.4","65,774","1,176","80.0","1.4"
"Under 65 years","All Incomes","All Races","Both Sexes","2011","06101","Sutter County, CA","82,292","0","17,673","1,235","21.5","1.5","64,619","1,235","78.5","1.5"
"Under 65 years","All Incomes","All Races","Both Sexes","2010","06101","Sutter County, CA","82,431","0","17,798","1,315","21.6","1.6","64,633","1,315","78.4","1.6"
"Under 65 years","All Incomes","All Races","Both Sexes","2009","06101","Sutter County, CA","80,049","0","17,244","1,205","21.5","1.5","62,805","1,205","78.5","1.5"
"Under 65 years","All Incomes","All Races","Both Sexes","2008","06101","Sutter County, CA","80,067","0","17,363","1,256","21.7","1.6","62,704","1,256","78.3","1.6"
"Under 65 years","All Incomes","All Races","Both Sexes","2007","06101","Sutter County, CA","79,808","0","16,631","2,132","20.8","2.7","63,177","2,253","79.2","2.8"
"Under 65 years","All Incomes","All Races","Both Sexes","2006","06101","Sutter County, CA","80,422","0","16,744","2,552","20.8","3.2","63,678","2,532","79.2","3.1"
"Under 65 years","All Incomes","All Races","Both Sexes","2013","06103","Tehama County, CA","51,680","0","9,973","792","19.3","1.5","41,707","792","80.7","1.5"
"Under 65 years","All Incomes","All Races","Both Sexes","2012","06103","Tehama County, CA","52,394","0","10,658","823","20.3","1.6","41,736","823","79.7","1.6"
"Under 65 years","All Incomes","All Races","Both Sexes","2011","06103","Tehama County, CA","53,003","0","11,235","865","21.2","1.6","41,767","865","78.8","1.6"
"Under 65 years","All Incomes","All Races","Both Sexes","2010","06103","Tehama County, CA","53,162","0","11,421","899","21.5","1.7","41,741","899","78.5","1.7"
"Under 65 years","All Incomes","All Races","Both Sexes","2009","06103","Tehama County, CA","51,151","0","10,633","824","20.8","1.6","40,518","824","79.2","1.6"
"Under 65 years","All Incomes","All Races","Both Sexes","2008","06103","Tehama County, CA","51,499","0","10,299","893","20.0","1.7","41,200","893","80.0","1.7"
"Under 65 years","All Incomes","All Races","Both Sexes","2007","06103","Tehama County, CA","51,646","0","9,578","1,087","18.5","2.1","42,068","1,178","81.5","2.3"
"Under 65 years","All Incomes","All Races","Both Sexes","2006","06103","Tehama County, CA","51,720","0","10,586","1,250","20.5","2.4","41,135","1,281","79.5","2.5"
"Under 65 years","All Incomes","All Races","Both Sexes","2013","06105","Trinity County, CA","10,234","0","2,064","193","20.2","1.9","8,170","193","79.8","1.9"
"Under 65 years","All Incomes","All Races","Both Sexes","2012","06105","Trinity County, CA","10,459","0","2,064","187","19.7","1.8","8,394","187","80.3","1.8"
"Under 65 years","All Incomes","All Races","Both Sexes","2011","06105","Trinity County, CA","10,817","0","2,143","194","19.8","1.8","8,674","194","80.2","1.8"
"Under 65 years","All Incomes","All Races","Both Sexes","2010","06105","Trinity County, CA","10,947","0","2,210","203","20.2","1.9","8,737","203","79.8","1.9"
"Under 65 years","All Incomes","All Races","Both Sexes","2009","06105","Trinity County, CA","10,195","0","1,932","165","19.0","1.6","8,262","165","81.0","1.6"
"Under 65 years","All Incomes","All Races","Both Sexes","2008","06105","Trinity County, CA","10,349","0","2,063","193","19.9","1.9","8,286","193","80.1","1.9"
"Under 65 years","All Incomes","All Races","Both Sexes","2007","06105","Trinity County, CA","10,327","0","1,950","308","18.9","3.0","8,377","326","81.1","3.2"
"Under 65 years","All Incomes","All Races","Both Sexes","2006","06105","Trinity County, CA","10,674","0","2,144","344","20.1","3.2","8,530","344","79.9","3.2"
"Under 65 years","All Incomes","All Races","Both Sexes","2013","06107","Tulare County, CA","403,946","0","85,662","4,485","21.2","1.1","318,284","4,485","78.8","1.1"
"Under 65 years","All Incomes","All Races","Both Sexes","2012","06107","Tulare County, CA","404,303","0","92,385","4,645","22.9","1.1","311,919","4,645","77.1","1.1"
"Under 65 years","All Incomes","All Races","Both Sexes","2011","06107","Tulare County, CA","404,143","0","97,694","4,907","24.2","1.2","306,449","4,907","75.8","1.2"
"Under 65 years","All Incomes","All Races","Both Sexes","2010","06107","Tulare County, CA","398,604","0","92,846","4,704","23.3","1.2","305,758","4,704","76.7","1.2"
"Under 65 years","All Incomes","All Races","Both Sexes","2009","06107","Tulare County, CA","382,607","0","90,443","4,503","23.6","1.2","292,164","4,503","76.4","1.2"
"Under 65 years","All Incomes","All Races","Both Sexes","2008","06107","Tulare County, CA","379,395","0","91,298","4,754","24.1","1.3","288,096","4,754","75.9","1.3"
"Under 65 years","All Incomes","All Races","Both Sexes","2007","06107","Tulare County, CA","381,078","0","67,704","7,283","17.8","1.9","313,374","8,074","82.2","2.1"
"Under 65 years","All Incomes","All Races","Both Sexes","2006","06107","Tulare County, CA","381,690","0","69,508","7,765","18.2","2.0","312,182","8,228","81.8","2.2"
"Under 65 years","All Incomes","All Races","Both Sexes","2013","06109","Tuolumne County, CA","38,282","0","6,122","540","16.0","1.4","32,160","540","84.0","1.4"
"Under 65 years","All Incomes","All Races","Both Sexes","2012","06109","Tuolumne County, CA","38,598","0","6,652","560","17.2","1.5","31,946","560","82.8","1.5"
"Under 65 years","All Incomes","All Races","Both Sexes","2011","06109","Tuolumne County, CA","39,426","0","6,249","570","15.9","1.4","33,176","570","84.1","1.4"
"Under 65 years","All Incomes","All Races","Both Sexes","2010","06109","Tuolumne County, CA","39,952","0","6,502","581","16.3","1.5","33,451","581","83.7","1.5"
"Under 65 years","All Incomes","All Races","Both Sexes","2009","06109","Tuolumne County, CA","39,742","0","6,478","540","16.3","1.4","33,264","540","83.7","1.4"
"Under 65 years","All Incomes","All Races","Both Sexes","2008","06109","Tuolumne County, CA","40,263","0","6,822","612","16.9","1.5","33,442","612","83.1","1.5"
"Under 65 years","All Incomes","All Races","Both Sexes","2007","06109","Tuolumne County, CA","40,420","0","6,532","994","16.2","2.5","33,888","1,059","83.8","2.6"
"Under 65 years","All Incomes","All Races","Both Sexes","2006","06109","Tuolumne County, CA","40,853","0","6,650","1,095","16.3","2.7","34,203","1,102","83.7","2.7"
"Under 65 years","All Incomes","All Races","Both Sexes","2013","06111","Ventura County, CA","717,913","0","129,927","5,944","18.1","0.8","587,986","5,944","81.9","0.8"
"Under 65 years","All Incomes","All Races","Both Sexes","2012","06111","Ventura County, CA","720,323","0","130,131","5,830","18.1","0.8","590,193","5,830","81.9","0.8"
"Under 65 years","All Incomes","All Races","Both Sexes","2011","06111","Ventura County, CA","720,376","0","133,453","6,221","18.5","0.9","586,923","6,221","81.5","0.9"
"Under 65 years","All Incomes","All Races","Both Sexes","2010","06111","Ventura County, CA","718,645","0","130,774","6,264","18.2","0.9","587,871","6,264","81.8","0.9"
"Under 65 years","All Incomes","All Races","Both Sexes","2009","06111","Ventura County, CA","700,952","0","127,765","6,050","18.2","0.9","573,186","6,050","81.8","0.9"
"Under 65 years","All Incomes","All Races","Both Sexes","2008","06111","Ventura County, CA","700,141","0","123,574","6,060","17.6","0.9","576,567","6,060","82.4","0.9"
"Under 65 years","All Incomes","All Races","Both Sexes","2007","06111","Ventura County, CA","703,542","0","107,692","10,631","15.3","1.5","595,851","11,646","84.7","1.7"
"Under 65 years","All Incomes","All Races","Both Sexes","2006","06111","Ventura County, CA","700,413","0","117,437","11,373","16.8","1.6","582,976","11,857","83.2","1.7"
"Under 65 years","All Incomes","All Races","Both Sexes","2013","06113","Yolo County, CA","175,764","0","29,830","2,288","17.0","1.3","145,934","2,288","83.0","1.3"
"Under 65 years","All Incomes","All Races","Both Sexes","2012","06113","Yolo County, CA","176,525","0","28,357","2,195","16.1","1.2","148,168","2,195","83.9","1.2"
"Under 65 years","All Incomes","All Races","Both Sexes","2011","06113","Yolo County, CA","175,590","0","29,150","2,348","16.6","1.3","146,440","2,348","83.4","1.3"
"Under 65 years","All Incomes","All Races","Both Sexes","2010","06113","Yolo County, CA","175,369","0","28,425","2,349","16.2","1.3","146,944","2,349","83.8","1.3"
"Under 65 years","All Incomes","All Races","Both Sexes","2009","06113","Yolo County, CA","173,341","0","27,716","2,087","16.0","1.2","145,625","2,087","84.0","1.2"
"Under 65 years","All Incomes","All Races","Both Sexes","2008","06113","Yolo County, CA","172,243","0","25,130","2,016","14.6","1.2","147,113","2,016","85.4","1.2"
"Under 65 years","All Incomes","All Races","Both Sexes","2007","06113","Yolo County, CA","171,831","0","34,789","4,118","20.2","2.4","137,042","4,409","79.8","2.6"
"Under 65 years","All Incomes","All Races","Both Sexes","2006","06113","Yolo County, CA","170,185","0","37,371","4,404","22.0","2.6","132,814","4,411","78.0","2.6"
"Under 65 years","All Incomes","All Races","Both Sexes","2013","06115","Yuba County, CA","64,363","0","11,865","959","18.4","1.5","52,498","959","81.6","1.5"
"Under 65 years","All Incomes","All Races","Both Sexes","2012","06115","Yuba County, CA","64,452","0","12,068","957","18.7","1.5","52,384","957","81.3","1.5"
"Under 65 years","All Incomes","All Races","Both Sexes","2011","06115","Yuba County, CA","64,547","0","12,032","1,001","18.6","1.6","52,515","1,001","81.4","1.6"
"Under 65 years","All Incomes","All Races","Both Sexes","2010","06115","Yuba County, CA","64,322","0","11,971","1,043","18.6","1.6","52,352","1,043","81.4","1.6"
"Under 65 years","All Incomes","All Races","Both Sexes","2009","06115","Yuba County, CA","65,000","0","12,496","1,026","19.2","1.6","52,504","1,026","80.8","1.6"
"Under 65 years","All Incomes","All Races","Both Sexes","2008","06115","Yuba County, CA","65,351","0","11,661","1,035","17.8","1.6","53,690","1,035","82.2","1.6"
"Under 65 years","All Incomes","All Races","Both Sexes","2007","06115","Yuba County, CA","65,261","0","11,314","1,646","17.3","2.5","53,946","1,778","82.7","2.7"
"Under 65 years","All Incomes","All Races","Both Sexes","2006","06115","Yuba County, CA","64,875","0","11,337","1,886","17.5","2.9","53,538","1,918","82.5","3.0"

